{"8JBvSAvjauUcUZZQqa/ZNQ==":"mbr.jpg","59a5lXUs4jcxZvx5iLo58w==":"mbr-1.jpg","UMRr4LqflUw6gtgAxH9XPw==":"mbr-2.jpg","lNHn04Zy7Eh5vSIke9A2Pg==":"mbr-3.jpg","JsMWcyWvm8ohi8ZFuOMQZA==":"mbr-4.jpg","FWOEnQhSbiNY6Qmakktq5g==":"mbr-5.jpg","nA4g0/69DM27PJ+ixiVMjA==":"mbr-6.jpg","v6Abw++daAIqGDpYGD2AOg==":"mbr-7.jpg","GEje37UnK20+eC92vo7QGQ==":"mbr-8.jpg","5a3NKKMCYABu0c/k15Ui0g==":"logo.png","OA78RvcghxG8cXhl63q8hg==":"2.jpg","OZYcXDsxKzuOdPiU6Bpjig==":"1.jpg","FyyW/FtwOoRkQcPMTd9B6g==":"3.jpg","5QSldIpMuvrj1SFpcTBKTQ==":"4.jpg","Zu4JnZ7b2/9NaIOGTvjDcg==":"5.jpg","L94gSeHt5yRFNyLos164Xg==":"6.jpg","Yh4gloAr6C7Hmv5jjUJh2w==":"9.jpeg","0gcNTUQ7EvDWmJ+aMmkfBg==":"9-1.jpeg","smKbb+9bkTC11pgg06Myow==":"9-2.jpeg","J4aqk2x3pRXGPhHIeh+zhw==":"j.jpg","RBZHRlDAoUYKIVvd/0JNnQ==":"1.png","gCsdOqWgj/pBrketOQxdDg==":"2.png","8Z0CnsTSW21fmAVH1DMAXQ==":"3.png","pO+e3YbvaXGHAFA19ZUYdg==":"5.png","eDSrjTSOud/11NKVNHyAjw==":"6.png","ZA5qw/RLZ4Zb+Yhu9Xkt3A==":"7.png","iWDIRZTif0bHftXCio1HIg==":"8.png","XYVCQ4iSuwrU3QlZlGyiRg==":"diseo-sin-ttulo.png","oRykAiO0rUD++7AmPeEwUg==":"background1.jpg","n1dx+NZv3qks526xC0hZ5Q==":"background13.jpg"}